FIRST_NAME,LAST_NAME,PHONE_NUMBER,SECOND_PHONE_NUMBER,EMAIL
firstName='Ion, lastName='Ionescu, phoneNumber='0876333333, secondPhoneNumber=', email='
firstName='firstName='Adeline, lastName=' lastName='Klein, phoneNumber=' phoneNumber='(252) 690-9046, secondPhoneNumber=' secondPhoneNumber='(478) 783-2290, email=' email='lucmoc@demul.li
firstName='firstName='Agnes, lastName=' lastName='Perez, phoneNumber=' phoneNumber='(981) 239-8883, secondPhoneNumber=' secondPhoneNumber='(654) 944-6866, email=' email='veg@turaome.fm
firstName='firstName='Anthony, lastName=' lastName='Soto, phoneNumber=' phoneNumber='(582) 677-9423, secondPhoneNumber=' secondPhoneNumber='(633) 436-8100, email=' email='wehu@bu.lt
firstName='firstName='Arthur, lastName=' lastName='Padilla, phoneNumber=' phoneNumber='(830) 631-9604, secondPhoneNumber=' secondPhoneNumber='(414) 267-9865, email=' email='gu@hi.ch
firstName='firstName='Arthur, lastName=' lastName='Sutton, phoneNumber=' phoneNumber='(730) 610-2477, secondPhoneNumber=' secondPhoneNumber='(557) 533-3005, email=' email='joiswev@apifoflov.hr
firstName='firstName='Blake, lastName=' lastName='Weber, phoneNumber=' phoneNumber='(508) 719-8459, secondPhoneNumber=' secondPhoneNumber='(571) 368-7781, email=' email='uvfi@oti.ss
firstName='firstName='Blanche, lastName=' lastName='Pena, phoneNumber=' phoneNumber='(784) 914-9313, secondPhoneNumber=' secondPhoneNumber='(636) 369-7544, email=' email='mavugo@bihlako.vc
firstName='firstName='Carrie, lastName=' lastName='Waters, phoneNumber=' phoneNumber='(924) 752-8800, secondPhoneNumber=' secondPhoneNumber='(577) 494-4847, email=' email='ad@nim.ua
firstName='firstName='Chad, lastName=' lastName='Aguilar, phoneNumber=' phoneNumber='(270) 840-4422, secondPhoneNumber=' secondPhoneNumber='(489) 457-6883, email=' email='pacag@ufan.zm
firstName='firstName='Chase, lastName=' lastName='Cunningham, phoneNumber=' phoneNumber='(222) 792-6474, secondPhoneNumber=' secondPhoneNumber='(275) 265-8199, email=' email='gagof@meffim.fr
firstName='firstName='Christopher, lastName=' lastName='Swanson, phoneNumber=' phoneNumber='(671) 733-6203, secondPhoneNumber=' secondPhoneNumber='(827) 987-2208, email=' email='canewe@isjeb.pw
firstName='firstName='Clifford, lastName=' lastName='Keller, phoneNumber=' phoneNumber='(253) 614-9487, secondPhoneNumber=' secondPhoneNumber='(982) 312-7730, email=' email='lajobah@lijun.nl
firstName='firstName='Cora, lastName=' lastName='Kim, phoneNumber=' phoneNumber='(456) 426-7670, secondPhoneNumber=' secondPhoneNumber='(286) 243-9088, email=' email='az@ra.tk
firstName='firstName='Daisy, lastName=' lastName='Lee, phoneNumber=' phoneNumber='(974) 952-9565, secondPhoneNumber=' secondPhoneNumber='(245) 950-9789, email=' email='pogcijmam@egipgos.tn
firstName='firstName='David, lastName=' lastName='Martin, phoneNumber=' phoneNumber='(211) 464-9935, secondPhoneNumber=' secondPhoneNumber='(550) 914-2011, email=' email='tod@vimle.bs
firstName='firstName='Dominic, lastName=' lastName='Jones, phoneNumber=' phoneNumber='(889) 376-5218, secondPhoneNumber=' secondPhoneNumber='(821) 964-8297, email=' email='deihe@iruam.kp
firstName='firstName='Earl, lastName=' lastName='Glover, phoneNumber=' phoneNumber='(487) 645-6730, secondPhoneNumber=' secondPhoneNumber='(912) 885-6596, email=' email='mebnod@ezani.ni
firstName='firstName='Earl, lastName=' lastName='Logan, phoneNumber=' phoneNumber='(733) 426-9261, secondPhoneNumber=' secondPhoneNumber='(677) 585-1159, email=' email='zofag@hekobkak.aq
firstName='firstName='Eleanor, lastName=' lastName='Burgess, phoneNumber=' phoneNumber='(937) 300-6602, secondPhoneNumber=' secondPhoneNumber='(769) 784-9094, email=' email='soved@za.bj
firstName='firstName='Emily, lastName=' lastName='Guerrero, phoneNumber=' phoneNumber='(740) 832-6359, secondPhoneNumber=' secondPhoneNumber='(914) 917-1856, email=' email='le@miwo.nl
firstName='firstName='Estella, lastName=' lastName='Sanders, phoneNumber=' phoneNumber='(215) 833-8407, secondPhoneNumber=' secondPhoneNumber='(258) 712-4445, email=' email='em@rebmobofu.cz
firstName='firstName='Eugenia, lastName=' lastName='Logan, phoneNumber=' phoneNumber='(951) 612-7235, secondPhoneNumber=' secondPhoneNumber='(524) 375-5853, email=' email='egela@ruliv.mu
firstName='firstName='Eva, lastName=' lastName='Goodwin, phoneNumber=' phoneNumber='(675) 429-2136, secondPhoneNumber=' secondPhoneNumber='(647) 832-5007, email=' email='vo@tuci.cm
firstName='firstName='Evan, lastName=' lastName='Harrison, phoneNumber=' phoneNumber='(404) 631-2128, secondPhoneNumber=' secondPhoneNumber='(953) 354-6500, email=' email='panipal@lot.mh
firstName='firstName='Evan, lastName=' lastName='Schultz, phoneNumber=' phoneNumber='(914) 995-2968, secondPhoneNumber=' secondPhoneNumber='(481) 849-4289, email=' email='sofetocik@lizodzet.bh
firstName='firstName='Francis, lastName=' lastName='Alvarado, phoneNumber=' phoneNumber='(581) 279-9082, secondPhoneNumber=' secondPhoneNumber='(265) 401-4283, email=' email='efi@pobegbek.gh
firstName='firstName='Garrett, lastName=' lastName='Bush, phoneNumber=' phoneNumber='(889) 529-6248, secondPhoneNumber=' secondPhoneNumber='(811) 869-6738, email=' email='podij@ropowekul.nl
firstName='firstName='George, lastName=' lastName='Collins, phoneNumber=' phoneNumber='(981) 395-9217, secondPhoneNumber=' secondPhoneNumber='(383) 616-3664, email=' email='zivpi@bilito.gh
firstName='firstName='Gordon, lastName=' lastName='Goodman, phoneNumber=' phoneNumber='(860) 608-4181, secondPhoneNumber=' secondPhoneNumber='(675) 311-9357, email=' email='nu@wi.kn
firstName='firstName='Harry, lastName=' lastName='Flowers, phoneNumber=' phoneNumber='(242) 287-9383, secondPhoneNumber=' secondPhoneNumber='(929) 594-1647, email=' email='asaju@ispi.ps
firstName='firstName='Harvey, lastName=' lastName='Palmer, phoneNumber=' phoneNumber='(409) 546-9128, secondPhoneNumber=' secondPhoneNumber='(837) 757-4679, email=' email='suzucanon@wo.mx
firstName='firstName='Henry, lastName=' lastName='Jensen, phoneNumber=' phoneNumber='(527) 641-3915, secondPhoneNumber=' secondPhoneNumber='(839) 788-7803, email=' email='zimtiw@wumbo.kz
firstName='firstName='Henry, lastName=' lastName='Simpson, phoneNumber=' phoneNumber='(277) 651-2410, secondPhoneNumber=' secondPhoneNumber='(852) 728-5179, email=' email='egrum@ibipi.al
firstName='firstName='Herman, lastName=' lastName='Gordon, phoneNumber=' phoneNumber='(876) 603-4730, secondPhoneNumber=' secondPhoneNumber='(468) 511-7549, email=' email='muifara@imgel.pf
firstName='firstName='Hulda, lastName=' lastName='Crawford, phoneNumber=' phoneNumber='(278) 359-6060, secondPhoneNumber=' secondPhoneNumber='(268) 765-4303, email=' email='rurakkez@rafwal.eg
firstName='firstName='Hunter, lastName=' lastName='Freeman, phoneNumber=' phoneNumber='(258) 935-4423, secondPhoneNumber=' secondPhoneNumber='(543) 493-2340, email=' email='tigno@oki.tm
firstName='firstName='Irene, lastName=' lastName='Holt, phoneNumber=' phoneNumber='(850) 200-3968, secondPhoneNumber=' secondPhoneNumber='(233) 504-5210, email=' email='ce@conluc.pa
firstName='firstName='Isaac, lastName=' lastName='Valdez, phoneNumber=' phoneNumber='(585) 487-4060, secondPhoneNumber=' secondPhoneNumber='(334) 377-6228, email=' email='za@saor.sl
firstName='firstName='Jack, lastName=' lastName='Jones, phoneNumber=' phoneNumber='(479) 589-3448, secondPhoneNumber=' secondPhoneNumber='(830) 914-1404, email=' email='jorotosu@ru.tp
firstName='firstName='Janie, lastName=' lastName='Briggs, phoneNumber=' phoneNumber='(378) 836-4530, secondPhoneNumber=' secondPhoneNumber='(407) 943-5159, email=' email='gemempad@oljisim.kp
firstName='firstName='Jason, lastName=' lastName='Henry, phoneNumber=' phoneNumber='(829) 847-7970, secondPhoneNumber=' secondPhoneNumber='(856) 983-2326, email=' email='zawidtiw@judvi.vn
firstName='firstName='Jay, lastName=' lastName='Cortez, phoneNumber=' phoneNumber='(464) 261-1385, secondPhoneNumber=' secondPhoneNumber='(655) 307-5390, email=' email='hid@galak.tp
firstName='firstName='Jeff, lastName=' lastName='Richardson, phoneNumber=' phoneNumber='(924) 247-2257, secondPhoneNumber=' secondPhoneNumber='(834) 592-7057, email=' email='muvag@pajacha.ag
firstName='firstName='Jerry, lastName=' lastName='Huff, phoneNumber=' phoneNumber='(210) 965-6225, secondPhoneNumber=' secondPhoneNumber='(219) 518-4961, email=' email='vuewa@aki.pt
firstName='firstName='Jesus, lastName=' lastName='Houston, phoneNumber=' phoneNumber='(715) 847-5811, secondPhoneNumber=' secondPhoneNumber='(804) 684-5622, email=' email='lasemugu@ke.sg
firstName='firstName='Jimmy, lastName=' lastName='Romero, phoneNumber=' phoneNumber='(937) 498-1711, secondPhoneNumber=' secondPhoneNumber='(211) 764-1713, email=' email='moc@zajsamu.net
firstName='firstName='Jimmy, lastName=' lastName='Torres, phoneNumber=' phoneNumber='(344) 683-2465, secondPhoneNumber=' secondPhoneNumber='(942) 429-2223, email=' email='tof@elnopav.pa
firstName='firstName='Josephine, lastName=' lastName='Webster, phoneNumber=' phoneNumber='(713) 325-4075, secondPhoneNumber=' secondPhoneNumber='(930) 610-6865, email=' email='venjowese@ku.mx
firstName='firstName='Kathryn, lastName=' lastName='Santiago, phoneNumber=' phoneNumber='(820) 454-3317, secondPhoneNumber=' secondPhoneNumber='(820) 668-1097, email=' email='gofa@agi.edu
firstName='firstName='Laura, lastName=' lastName='Fowler, phoneNumber=' phoneNumber='(752) 852-2929, secondPhoneNumber=' secondPhoneNumber='(462) 523-6049, email=' email='izup@ves.sa
firstName='firstName='Leah, lastName=' lastName='Blair, phoneNumber=' phoneNumber='(986) 228-3556, secondPhoneNumber=' secondPhoneNumber='(772) 423-2525, email=' email='cibsowi@ukoekfi.ro
firstName='firstName='Leah, lastName=' lastName='Goodwin, phoneNumber=' phoneNumber='(389) 674-2548, secondPhoneNumber=' secondPhoneNumber='(706) 424-9005, email=' email='fofve@kuc.am
firstName='firstName='Leonard, lastName=' lastName='Lyons, phoneNumber=' phoneNumber='(923) 443-9426, secondPhoneNumber=' secondPhoneNumber='(586) 863-8831, email=' email='aci@row.kh
firstName='firstName='Lewis, lastName=' lastName='Hampton, phoneNumber=' phoneNumber='(764) 440-7093, secondPhoneNumber=' secondPhoneNumber='(451) 464-4164, email=' email='we@wevbe.gb
firstName='firstName='Lida, lastName=' lastName='Soto, phoneNumber=' phoneNumber='(783) 694-2488, secondPhoneNumber=' secondPhoneNumber='(374) 575-3912, email=' email='nuita@eba.et
firstName='firstName='Logan, lastName=' lastName='Watson, phoneNumber=' phoneNumber='(776) 417-5090, secondPhoneNumber=' secondPhoneNumber='(828) 915-3013, email=' email='ofiho@tesoglah.cd
firstName='firstName='Lois, lastName=' lastName='Guerrero, phoneNumber=' phoneNumber='(855) 592-2163, secondPhoneNumber=' secondPhoneNumber='(968) 251-1905, email=' email='rim@tilel.tf
firstName='firstName='Lou, lastName=' lastName='Pierce, phoneNumber=' phoneNumber='(381) 595-9274, secondPhoneNumber=' secondPhoneNumber='(614) 417-6862, email=' email='tuktewjih@terelba.gq
firstName='firstName='Louis, lastName=' lastName='Brock, phoneNumber=' phoneNumber='(601) 565-9110, secondPhoneNumber=' secondPhoneNumber='(365) 602-5760, email=' email='pecamco@ojiowi.ms
firstName='firstName='Lucinda, lastName=' lastName='Santos, phoneNumber=' phoneNumber='(743) 684-3892, secondPhoneNumber=' secondPhoneNumber='(978) 724-2445, email=' email='canibiro@keavi.pt
firstName='firstName='Luis, lastName=' lastName='Brewer, phoneNumber=' phoneNumber='(608) 591-2287, secondPhoneNumber=' secondPhoneNumber='(625) 498-8880, email=' email='tauso@akide.com
firstName='firstName='Marguerite, lastName=' lastName='Ruiz, phoneNumber=' phoneNumber='(386) 566-9443, secondPhoneNumber=' secondPhoneNumber='(825) 908-4181, email=' email='cozuhco@fe.lb
firstName='firstName='Maria, lastName=' lastName='Nunez, phoneNumber=' phoneNumber='(332) 573-1938, secondPhoneNumber=' secondPhoneNumber='(805) 653-6490, email=' email='aw@biojgec.tn
firstName='firstName='Marion, lastName=' lastName='Alexander, phoneNumber=' phoneNumber='(386) 493-6943, secondPhoneNumber=' secondPhoneNumber='(416) 321-3582, email=' email='cabli@ego.mw
firstName='firstName='Marion, lastName=' lastName='Brady, phoneNumber=' phoneNumber='(409) 911-4734, secondPhoneNumber=' secondPhoneNumber='(657) 582-3786, email=' email='fiaweriz@mihku.ba
firstName='firstName='Martin, lastName=' lastName='Burns, phoneNumber=' phoneNumber='(857) 387-6144, secondPhoneNumber=' secondPhoneNumber='(318) 584-1296, email=' email='cavjim@pez.kp
firstName='firstName='Mary, lastName=' lastName='Hoffman, phoneNumber=' phoneNumber='(620) 833-7375, secondPhoneNumber=' secondPhoneNumber='(385) 323-6491, email=' email='coksorsib@senheari.fo
firstName='firstName='Mason, lastName=' lastName='Tucker, phoneNumber=' phoneNumber='(757) 614-2373, secondPhoneNumber=' secondPhoneNumber='(852) 290-9353, email=' email='kivwoc@jakok.gg
firstName='firstName='Mattie, lastName=' lastName='Todd, phoneNumber=' phoneNumber='(585) 794-6431, secondPhoneNumber=' secondPhoneNumber='(573) 621-2911, email=' email='ema@vevuosa.mp
firstName='firstName='Maud, lastName=' lastName='Pratt, phoneNumber=' phoneNumber='(231) 710-3700, secondPhoneNumber=' secondPhoneNumber='(966) 896-9550, email=' email='gimaniud@nejnif.nu
firstName='firstName='May, lastName=' lastName='Weber, phoneNumber=' phoneNumber='(847) 363-7577, secondPhoneNumber=' secondPhoneNumber='(666) 382-2190, email=' email='uhias@nucaj.mt
firstName='firstName='Micheal, lastName=' lastName='Hanson, phoneNumber=' phoneNumber='(358) 887-4892, secondPhoneNumber=' secondPhoneNumber='(343) 293-8445, email=' email='mub@bezavut.pg
firstName='firstName='Myra, lastName=' lastName='Figueroa, phoneNumber=' phoneNumber='(846) 980-5740, secondPhoneNumber=' secondPhoneNumber='(517) 665-6326, email=' email='moced@ujoolaepo.mq
firstName='firstName='Myrtie, lastName=' lastName='Richardson, phoneNumber=' phoneNumber='(833) 920-7414, secondPhoneNumber=' secondPhoneNumber='(607) 578-8793, email=' email='mozla@cudnukmet.nc
firstName='firstName='Nadina, lastName=' lastName='Florea, phoneNumber=' phoneNumber='0766554433, secondPhoneNumber=' secondPhoneNumber='0987665543, email=' email='nadina@nadina.r0
firstName='firstName='Nathan, lastName=' lastName='Vasquez, phoneNumber=' phoneNumber='(850) 475-3051, secondPhoneNumber=' secondPhoneNumber='(528) 674-1538, email=' email='ojfig@vuttik.mx
firstName='firstName='Noah, lastName=' lastName='Pena, phoneNumber=' phoneNumber='(215) 363-8236, secondPhoneNumber=' secondPhoneNumber='(511) 981-4800, email=' email='de@taolu.ee
firstName='firstName='Norman, lastName=' lastName='Chavez, phoneNumber=' phoneNumber='(830) 448-3267, secondPhoneNumber=' secondPhoneNumber='(274) 636-8500, email=' email='ep@vepe.na
firstName='firstName='Norman, lastName=' lastName='Guerrero, phoneNumber=' phoneNumber='(259) 831-2132, secondPhoneNumber=' secondPhoneNumber='(279) 440-5311, email=' email='me@cub.hu
firstName='firstName='Ralph, lastName=' lastName='Bryan, phoneNumber=' phoneNumber='(516) 633-1815, secondPhoneNumber=' secondPhoneNumber='(552) 536-1850, email=' email='wakihko@gatgoeju.pw
firstName='firstName='Roger, lastName=' lastName='Patrick, phoneNumber=' phoneNumber='(522) 819-6317, secondPhoneNumber=' secondPhoneNumber='(832) 201-3154, email=' email='ok@hil.na
firstName='firstName='Ronald, lastName=' lastName='Armstrong, phoneNumber=' phoneNumber='(284) 955-2583, secondPhoneNumber=' secondPhoneNumber='(881) 265-6016, email=' email='sohikev@ice.ug
firstName='firstName='Rosa, lastName=' lastName='Simon, phoneNumber=' phoneNumber='(850) 833-6806, secondPhoneNumber=' secondPhoneNumber='(710) 963-5536, email=' email='re@ri.et
firstName='firstName='Roxie, lastName=' lastName='Caldwell, phoneNumber=' phoneNumber='(250) 475-2956, secondPhoneNumber=' secondPhoneNumber='(925) 395-8147, email=' email='piiji@jiva.es
firstName='firstName='Seth, lastName=' lastName='Long, phoneNumber=' phoneNumber='(322) 654-3455, secondPhoneNumber=' secondPhoneNumber='(421) 355-5089, email=' email='mojhirac@iwume.fk
firstName='firstName='Sophie, lastName=' lastName='Leonard, phoneNumber=' phoneNumber='(717) 949-3917, secondPhoneNumber=' secondPhoneNumber='(266) 574-7340, email=' email='mohig@ze.mn
firstName='firstName='Stanley, lastName=' lastName='Wheeler, phoneNumber=' phoneNumber='(837) 201-1676, secondPhoneNumber=' secondPhoneNumber='(410) 477-7652, email=' email='uje@jamjazil.pf
firstName='firstName='Steven, lastName=' lastName='Mendez, phoneNumber=' phoneNumber='(422) 964-4986, secondPhoneNumber=' secondPhoneNumber='(255) 652-3451, email=' email='zarohpow@gu.br
firstName='firstName='Susan, lastName=' lastName='Cruz, phoneNumber=' phoneNumber='(945) 866-3388, secondPhoneNumber=' secondPhoneNumber='(340) 707-4693, email=' email='lod@dotcaf.sn
firstName='firstName='Teresa, lastName=' lastName='Sims, phoneNumber=' phoneNumber='(342) 451-9632, secondPhoneNumber=' secondPhoneNumber='(239) 736-3455, email=' email='funleov@ni.mc
firstName='firstName='Theodore, lastName=' lastName='Hampton, phoneNumber=' phoneNumber='(357) 566-5521, secondPhoneNumber=' secondPhoneNumber='(625) 640-8917, email=' email='aj@jilwas.ad
firstName='firstName='Theresa, lastName=' lastName='Doyle, phoneNumber=' phoneNumber='(673) 850-2503, secondPhoneNumber=' secondPhoneNumber='(780) 697-1969, email=' email='mepiej@jufokem.md
firstName='firstName='Tony, lastName=' lastName='Valdez, phoneNumber=' phoneNumber='(248) 351-2130, secondPhoneNumber=' secondPhoneNumber='(564) 910-5354, email=' email='hiwepcoj@cuwi.gn
firstName='firstName='Travis, lastName=' lastName='Hodges, phoneNumber=' phoneNumber='(355) 674-9372, secondPhoneNumber=' secondPhoneNumber='(803) 812-9067, email=' email='ow@nu.ki
firstName='firstName='Trevor, lastName=' lastName='Hogan, phoneNumber=' phoneNumber='(834) 490-7749, secondPhoneNumber=' secondPhoneNumber='(906) 966-2064, email=' email='naco@kis.sh
firstName='firstName='Tyler, lastName=' lastName='Abbott, phoneNumber=' phoneNumber='(503) 420-6365, secondPhoneNumber=' secondPhoneNumber='(243) 584-2887, email=' email='ithag@bu.gq
firstName='firstName='Verna, lastName=' lastName='Pope, phoneNumber=' phoneNumber='(785) 880-5707, secondPhoneNumber=' secondPhoneNumber='(734) 944-6792, email=' email='piboz@caocep.tg
firstName='firstName='Vincent, lastName=' lastName='Butler, phoneNumber=' phoneNumber='(330) 834-7261, secondPhoneNumber=' secondPhoneNumber='(323) 517-9360, email=' email='povpungi@wij.gu
firstName='firstName='Violet, lastName=' lastName='Carr, phoneNumber=' phoneNumber='(506) 545-9712, secondPhoneNumber=' secondPhoneNumber='(521) 929-2732, email=' email='navtijpo@le.bb
firstName='firstName='Willie, lastName=' lastName='Payne, phoneNumber=' phoneNumber='(985) 963-5024, secondPhoneNumber=' secondPhoneNumber='(729) 864-5117, email=' email='jag@fihwiba.lb
firstName='firstName='Zachary, lastName=' lastName='Weaver, phoneNumber=' phoneNumber='(972) 600-5459, secondPhoneNumber=' secondPhoneNumber='(668) 264-4876, email=' email='mikusef@rolegbiw.gy
